{"cameraMode":{"drawMode":0,"name":"Shaded","section":"Shading Mode"},"sceneLighting":true,"audioPlay":false,"sceneViewState":{"showFog":true,"showMaterialUpdate":false,"showSkybox":true,"showFlares":true,"showImageEffects":true,"showParticleSystems":true},"in2DMode":false,"pivot":{"x":24.91168212890625,"y":9.917007446289063,"z":-6.416970252990723},"rotation":{"x":0.00005052468623034656,"y":0.9998775720596314,"z":-0.015308826230466366,"w":0.0033005238510668279},"size":17.047821044921876,"orthographic":true}