{"cameraMode":{"drawMode":0,"name":"Shaded","section":"Shading Mode"},"sceneLighting":true,"audioPlay":false,"sceneViewState":{"showFog":true,"showMaterialUpdate":false,"showSkybox":true,"showFlares":true,"showImageEffects":true,"showParticleSystems":true},"in2DMode":false,"pivot":{"x":23.290855407714845,"y":10.46436595916748,"z":18.766624450683595},"rotation":{"x":0.00005052468623034656,"y":0.9998775720596314,"z":-0.015308826230466366,"w":0.0033005238510668279},"size":14.211198806762696,"orthographic":true}