{"cameraMode":{"drawMode":0,"name":"Shaded","section":"Shading Mode"},"sceneLighting":true,"audioPlay":false,"sceneViewState":{"showFog":true,"showMaterialUpdate":false,"showSkybox":true,"showFlares":true,"showImageEffects":true,"showParticleSystems":true},"in2DMode":false,"pivot":{"x":24.101959228515626,"y":11.8330078125,"z":-37.48828125},"rotation":{"x":0.00005052468623034656,"y":0.9998775720596314,"z":-0.015308826230466366,"w":0.0033005238510668279},"size":27.00946044921875,"orthographic":true}