{"cameraMode":{"drawMode":0,"name":"Shaded","section":"Shading Mode"},"sceneLighting":true,"audioPlay":false,"sceneViewState":{"showFog":true,"showMaterialUpdate":false,"showSkybox":true,"showFlares":true,"showImageEffects":true,"showParticleSystems":true},"in2DMode":false,"pivot":{"x":24.81329345703125,"y":12.463851928710938,"z":-7.926779747009277},"rotation":{"x":0.00005052468623034656,"y":0.9998775720596314,"z":-0.015308826230466366,"w":0.0033005238510668279},"size":19.319143295288087,"orthographic":true}