{"cameraMode":{"drawMode":0,"name":"Shaded","section":"Shading Mode"},"sceneLighting":true,"audioPlay":false,"sceneViewState":{"showFog":true,"showMaterialUpdate":false,"showSkybox":true,"showFlares":true,"showImageEffects":true,"showParticleSystems":true},"in2DMode":false,"pivot":{"x":32.55991744995117,"y":5.908060550689697,"z":48.829036712646487},"rotation":{"x":0.10819569230079651,"y":0.2650453448295593,"z":-0.02994411252439022,"w":0.9576789736747742},"size":71.99253845214844,"orthographic":false}